medicine_id,daily_forecast,forecast_7_days
MED001,33.73,236.08
MED002,26.14,183.01
MED003,68.94,482.59
MED004,20.34,142.4
MED005,69.98,489.84
MED006,55.62,389.36
MED007,40.0,280.0
MED008,91.59,641.13
MED009,79.25,554.76
MED010,78.37,548.61
MED011,34.26,239.79
MED012,29.17,204.22
MED013,41.51,290.57
MED014,83.57,585.01
MED015,66.13,462.89
MED016,41.99,293.9
MED017,20.34,142.4
MED018,81.68,571.75
MED019,78.16,547.09
MED020,66.63,466.38
MED021,77.97,545.77
MED022,79.31,555.15
MED023,67.5,472.5
MED024,64.21,449.46
MED025,78.63,550.41
MED026,33.55,234.85
MED027,65.4,457.77
MED028,70.0,489.97
MED029,41.1,287.69
MED030,46.42,324.93
MED031,92.55,647.86
MED032,46.73,327.13
MED033,27.25,190.78
MED034,93.61,655.25
MED035,29.97,209.78
MED036,53.98,377.89
MED037,25.56,178.93
MED038,26.44,185.05
MED039,94.24,659.66
MED040,82.58,578.06
