medicine_id,current_stock,reorder_level,safety_stock,expiry_date,supplier_id,last_restock_date
MED001,450,150,100,2027-03-30,SUP001,2026-07-20
MED002,80,120,100,2026-12-15,SUP002,2026-07-25
MED003,220,100,80,2027-02-20,SUP004,2026-08-01
MED004,60,80,50,2027-05-10,SUP006,2026-08-05
MED005,140,90,60,2027-01-15,SUP001,2026-07-28
MED006,90,120,90,2026-11-10,SUP002,2026-07-15
MED007,300,150,100,2027-04-05,SUP004,2026-08-10
MED008,55,100,70,2026-10-30,SUP007,2026-07-05
MED009,25,60,50,2026-09-25,SUP003,2026-06-20
MED010,180,100,80,2027-03-01,SUP001,2026-08-12
MED011,210,120,90,2027-06-15,SUP005,2026-08-01
MED012,95,80,60,2027-02-28,SUP002,2026-07-30
MED013,500,200,150,2027-07-20,SUP004,2026-08-15
MED014,110,100,70,2027-01-30,SUP006,2026-07-22
MED015,40,80,60,2026-10-05,SUP008,2026-08-01
MED016,15,50,40,2026-09-15,SUP008,2026-07-10
MED017,280,150,100,2027-05-25,SUP001,2026-08-05
MED018,190,120,90,2027-04-10,SUP002,2026-08-01
MED019,160,100,80,2027-03-15,SUP004,2026-07-28
MED020,220,130,100,2027-06-01,SUP005,2026-08-10
MED021,350,180,120,2027-08-01,SUP001,2026-08-12
MED022,120,100,70,2027-02-10,SUP006,2026-07-25
MED023,30,60,50,2026-11-20,SUP007,2026-08-01
MED024,45,70,50,2027-01-05,SUP007,2026-07-18
MED025,150,100,70,2027-04-20,SUP003,2026-08-05
MED026,85,90,60,2027-03-05,SUP002,2026-07-30
MED027,400,180,120,2027-06-10,SUP004,2026-08-15
MED028,320,150,100,2027-05-15,SUP001,2026-08-08
MED029,140,100,70,2027-02-25,SUP005,2026-07-20
MED030,20,60,40,2026-10-10,SUP008,2026-07-15
MED031,10,30,25,2026-09-10,SUP003,2026-08-01
MED032,12,30,25,2026-09-20,SUP003,2026-08-01
MED033,18,40,30,2026-10-15,SUP006,2026-07-25
MED034,25,40,30,2026-11-01,SUP007,2026-08-05
MED035,14,35,25,2026-09-30,SUP008,2026-07-28
MED036,600,250,180,2027-09-01,SUP001,2026-08-15
MED037,550,250,180,2027-08-20,SUP004,2026-08-10
MED038,500,250,180,2027-09-05,SUP005,2026-08-12
MED039,35,60,45,2026-10-25,SUP006,2026-07-30
MED040,45,60,45,2027-01-20,SUP007,2026-08-01