medicine_id,current_stock,forecast_7_days,safety_stock,stock_after_forecast,risk_score,risk_level,supplier_id,expiry_date
MED002,80,183.01,100,-103.00999999999999,100,HIGH,SUP002,2026-12-15
MED003,220,482.59,80,-262.59,100,HIGH,SUP004,2027-02-20
MED004,60,142.4,50,-82.4,100,HIGH,SUP006,2027-05-10
MED005,140,489.84,60,-349.84,100,HIGH,SUP001,2027-01-15
MED006,90,389.36,90,-299.36,100,HIGH,SUP002,2026-11-10
MED008,55,641.13,70,-586.13,100,HIGH,SUP007,2026-10-30
MED009,25,554.76,50,-529.76,100,HIGH,SUP003,2026-09-25
MED010,180,548.61,80,-368.61,100,HIGH,SUP001,2027-03-01
MED012,95,204.22,60,-109.22,100,HIGH,SUP002,2027-02-28
MED014,110,585.01,70,-475.01,100,HIGH,SUP006,2027-01-30
MED015,40,462.89,60,-422.89,100,HIGH,SUP008,2026-10-05
MED016,15,293.9,40,-278.9,100,HIGH,SUP008,2026-09-15
MED018,190,571.75,90,-381.75,100,HIGH,SUP002,2027-04-10
MED019,160,547.09,80,-387.09000000000003,100,HIGH,SUP004,2027-03-15
MED020,220,466.38,100,-246.38,100,HIGH,SUP005,2027-06-01
MED022,120,555.15,70,-435.15,100,HIGH,SUP006,2027-02-10
MED023,30,472.5,50,-442.5,100,HIGH,SUP007,2026-11-20
MED024,45,449.46,50,-404.46,100,HIGH,SUP007,2027-01-05
MED025,150,550.41,70,-400.40999999999997,100,HIGH,SUP003,2027-04-20
MED026,85,234.85,60,-149.85,100,HIGH,SUP002,2027-03-05
MED029,140,287.69,70,-147.69,100,HIGH,SUP005,2027-02-25
MED030,20,324.93,40,-304.93,100,HIGH,SUP008,2026-10-10
MED031,10,647.86,25,-637.86,100,HIGH,SUP003,2026-09-10
MED032,12,327.13,25,-315.13,100,HIGH,SUP003,2026-09-20
MED033,18,190.78,30,-172.78,100,HIGH,SUP006,2026-10-15
MED034,25,655.25,30,-630.25,100,HIGH,SUP007,2026-11-01
MED035,14,209.78,25,-195.78,100,HIGH,SUP008,2026-09-30
MED039,35,659.66,45,-624.66,100,HIGH,SUP006,2026-10-25
MED040,45,578.06,45,-533.06,100,HIGH,SUP007,2027-01-20
MED021,350,545.77,120,-195.76999999999998,80,HIGH,SUP001,2027-08-01
MED028,320,489.97,100,-169.97000000000003,80,HIGH,SUP001,2027-05-15
MED011,210,239.79,90,-29.789999999999992,60,HIGH,SUP005,2027-06-15
MED027,400,457.77,120,-57.76999999999998,60,HIGH,SUP004,2027-06-10
MED007,300,280.0,100,20.0,40,MEDIUM,SUP004,2027-04-05
MED001,450,236.08,100,213.92,20,LOW,SUP001,2027-03-30
MED013,500,290.57,150,209.43,20,LOW,SUP004,2027-07-20
MED017,280,142.4,100,137.6,20,LOW,SUP001,2027-05-25
MED036,600,377.89,180,222.11,20,LOW,SUP001,2027-09-01
MED037,550,178.93,180,371.07,20,LOW,SUP004,2027-08-20
MED038,500,185.05,180,314.95,20,LOW,SUP005,2027-09-05
