medicine_id,current_stock,forecast_7_days,safety_stock,stock_after_forecast,risk_score,risk_level,supplier_id,expiry_date,supplier_name,lead_time_days,reliability_score,daily_forecast,lead_time_demand,recommended_reorder_quantity,reorder_required
MED034,25,655.25,30,-630.25,100,HIGH,SUP007,2026-11-01,HospitalCare Supplies,12,80,93.60714285714286,1123.2857142857142,1128,True
MED008,55,641.13,70,-586.13,100,HIGH,SUP007,2026-10-30,HospitalCare Supplies,12,80,91.59,1099.08,1114,True
MED040,45,578.06,45,-533.06,100,HIGH,SUP007,2027-01-20,HospitalCare Supplies,12,80,82.58,990.96,991,True
MED031,10,647.86,25,-637.86,100,HIGH,SUP003,2026-09-10,HealthPlus Supplies,10,84,92.55142857142857,925.5142857142857,941,True
MED023,30,472.5,50,-442.5,100,HIGH,SUP007,2026-11-20,HospitalCare Supplies,12,80,67.5,810.0,830,True
MED009,25,554.76,50,-529.76,100,HIGH,SUP003,2026-09-25,HealthPlus Supplies,10,84,79.25142857142858,792.5142857142857,818,True
MED024,45,449.46,50,-404.46,100,HIGH,SUP007,2027-01-05,HospitalCare Supplies,12,80,64.20857142857143,770.5028571428572,776,True
MED025,150,550.41,70,-400.41,100,HIGH,SUP003,2027-04-20,HealthPlus Supplies,10,84,78.63,786.3,706,True
MED039,35,659.66,45,-624.66,100,HIGH,SUP006,2026-10-25,Prime Medicals,6,90,94.23714285714286,565.4228571428571,575,True
MED032,12,327.13,25,-315.13,100,HIGH,SUP003,2026-09-20,HealthPlus Supplies,10,84,46.73285714285714,467.3285714285714,480,True
MED018,190,571.75,90,-381.75,100,HIGH,SUP002,2027-04-10,MedCare Distributors,7,88,81.67857142857143,571.75,472,True
MED014,110,585.01,70,-475.01,100,HIGH,SUP006,2027-01-30,Prime Medicals,6,90,83.57285714285715,501.4371428571429,461,True
MED022,120,555.15,70,-435.15,100,HIGH,SUP006,2027-02-10,Prime Medicals,6,90,79.30714285714285,475.8428571428571,426,True
MED020,220,466.38,100,-246.38,100,HIGH,SUP005,2027-06-01,LifeCare Distributors,8,86,66.62571428571428,533.0057142857142,413,True
MED006,90,389.36,90,-299.36,100,HIGH,SUP002,2026-11-10,MedCare Distributors,7,88,55.62285714285714,389.36,389,True
MED015,40,462.89,60,-422.89,100,HIGH,SUP008,2026-10-05,SafeMed Distributors,5,93,66.12714285714286,330.6357142857143,351,True
MED010,180,548.61,80,-368.61,100,HIGH,SUP001,2027-03-01,Alpha Pharma,5,92,78.37285714285714,391.8642857142857,292,True
MED005,140,489.84,60,-349.84,100,HIGH,SUP001,2027-01-15,Alpha Pharma,5,92,69.97714285714285,349.88571428571424,270,True
MED029,140,287.69,70,-147.69,100,HIGH,SUP005,2027-02-25,LifeCare Distributors,8,86,41.098571428571425,328.7885714285714,259,True
MED030,20,324.93,40,-304.93,100,HIGH,SUP008,2026-10-10,SafeMed Distributors,5,93,46.41857142857143,232.09285714285716,252,True
MED016,15,293.9,40,-278.9,100,HIGH,SUP008,2026-09-15,SafeMed Distributors,5,93,41.98571428571428,209.9285714285714,235,True
MED019,160,547.09,80,-387.09,100,HIGH,SUP004,2027-03-15,CityMed Pharma,4,95,78.1557142857143,312.6228571428572,233,True
MED026,85,234.85,60,-149.85,100,HIGH,SUP002,2027-03-05,MedCare Distributors,7,88,33.55,234.84999999999997,210,True
MED002,80,183.01,100,-103.01,100,HIGH,SUP002,2026-12-15,MedCare Distributors,7,88,26.14428571428571,183.01,203,True
MED033,18,190.78,30,-172.78,100,HIGH,SUP006,2026-10-15,Prime Medicals,6,90,27.254285714285714,163.5257142857143,176,True
MED012,95,204.22,60,-109.22,100,HIGH,SUP002,2027-02-28,MedCare Distributors,7,88,29.174285714285713,204.22,169,True
MED035,14,209.78,25,-195.78,100,HIGH,SUP008,2026-09-30,SafeMed Distributors,5,93,29.96857142857143,149.84285714285716,161,True
MED003,220,482.59,80,-262.59,100,HIGH,SUP004,2027-02-20,CityMed Pharma,4,95,68.94142857142857,275.7657142857143,136,True
MED004,60,142.4,50,-82.4,100,HIGH,SUP006,2027-05-10,Prime Medicals,6,90,20.342857142857145,122.05714285714288,112,True
MED021,350,545.77,120,-195.77,80,HIGH,SUP001,2027-08-01,Alpha Pharma,5,92,77.96714285714286,389.8357142857143,160,True
MED028,320,489.97,100,-169.97000000000003,80,HIGH,SUP001,2027-05-15,Alpha Pharma,5,92,69.99571428571429,349.9785714285714,130,True
MED011,210,239.79,90,-29.789999999999992,60,HIGH,SUP005,2027-06-15,LifeCare Distributors,8,86,34.255714285714284,274.04571428571427,154,True
MED027,400,457.77,120,-57.76999999999998,60,HIGH,SUP004,2027-06-10,CityMed Pharma,4,95,65.39571428571428,261.5828571428571,0,False
MED007,300,280.0,100,20.0,40,MEDIUM,SUP004,2027-04-05,CityMed Pharma,4,95,40.0,160.0,0,False
MED001,450,236.08,100,213.92,20,LOW,SUP001,2027-03-30,Alpha Pharma,5,92,33.72571428571429,168.62857142857143,0,False
MED013,500,290.57,150,209.43,20,LOW,SUP004,2027-07-20,CityMed Pharma,4,95,41.51,166.04,0,False
MED017,280,142.4,100,137.6,20,LOW,SUP001,2027-05-25,Alpha Pharma,5,92,20.342857142857145,101.71428571428572,0,False
MED036,600,377.89,180,222.11,20,LOW,SUP001,2027-09-01,Alpha Pharma,5,92,53.98428571428571,269.9214285714286,0,False
MED037,550,178.93,180,371.07,20,LOW,SUP004,2027-08-20,CityMed Pharma,4,95,25.56142857142857,102.24571428571429,0,False
MED038,500,185.05,180,314.95,20,LOW,SUP005,2027-09-05,LifeCare Distributors,8,86,26.435714285714287,211.4857142857143,0,False
