medicine_id,daily_forecast,forecast_7_days,current_stock,safety_stock,stock_after_forecast,risk_score,risk_level,supplier_id,expiry_date,lead_time_days,lead_time_demand,recommended_reorder_quantity,reorder_required,supplier_name,reliability_score
MED034,93.61,655.25,25,30,-630.25,100,HIGH,SUP007,2026-11-01,12,1123.2857142857142,1128,True,HospitalCare Supplies,80
MED008,91.59,641.13,55,70,-586.13,100,HIGH,SUP007,2026-10-30,12,1099.08,1114,True,HospitalCare Supplies,80
MED040,82.58,578.06,45,45,-533.06,100,HIGH,SUP007,2027-01-20,12,990.96,991,True,HospitalCare Supplies,80
MED031,92.55,647.86,10,25,-637.86,100,HIGH,SUP003,2026-09-10,10,925.5142857142856,941,True,HealthPlus Supplies,84
MED023,67.5,472.5,30,50,-442.5,100,HIGH,SUP007,2026-11-20,12,810.0,830,True,HospitalCare Supplies,80
MED009,79.25,554.76,25,50,-529.76,100,HIGH,SUP003,2026-09-25,10,792.5142857142857,818,True,HealthPlus Supplies,84
MED024,64.21,449.46,45,50,-404.46,100,HIGH,SUP007,2027-01-05,12,770.5028571428572,776,True,HospitalCare Supplies,80
MED025,78.63,550.41,150,70,-400.41,100,HIGH,SUP003,2027-04-20,10,786.3,706,True,HealthPlus Supplies,84
MED039,94.24,659.66,35,45,-624.66,100,HIGH,SUP006,2026-10-25,6,565.4228571428571,575,True,Prime Medicals,90
MED032,46.73,327.13,12,25,-315.13,100,HIGH,SUP003,2026-09-20,10,467.3285714285714,480,True,HealthPlus Supplies,84
MED018,81.68,571.75,190,90,-381.75,100,HIGH,SUP002,2027-04-10,7,571.75,472,True,MedCare Distributors,88
MED014,83.57,585.01,110,70,-475.01,100,HIGH,SUP006,2027-01-30,6,501.4371428571429,461,True,Prime Medicals,90
MED022,79.31,555.15,120,70,-435.15,100,HIGH,SUP006,2027-02-10,6,475.8428571428571,426,True,Prime Medicals,90
MED020,66.63,466.38,220,100,-246.38,100,HIGH,SUP005,2027-06-01,8,533.0057142857142,413,True,LifeCare Distributors,86
MED006,55.62,389.36,90,90,-299.36,100,HIGH,SUP002,2026-11-10,7,389.36,389,True,MedCare Distributors,88
MED015,66.13,462.89,40,60,-422.89,100,HIGH,SUP008,2026-10-05,5,330.6357142857143,351,True,SafeMed Distributors,93
MED010,78.37,548.61,180,80,-368.61,100,HIGH,SUP001,2027-03-01,5,391.8642857142857,292,True,Alpha Pharma,92
MED005,69.98,489.84,140,60,-349.84,100,HIGH,SUP001,2027-01-15,5,349.88571428571424,270,True,Alpha Pharma,92
MED029,41.1,287.69,140,70,-147.69,100,HIGH,SUP005,2027-02-25,8,328.7885714285714,259,True,LifeCare Distributors,86
MED030,46.42,324.93,20,40,-304.93,100,HIGH,SUP008,2026-10-10,5,232.0928571428572,252,True,SafeMed Distributors,93
MED016,41.99,293.9,15,40,-278.9,100,HIGH,SUP008,2026-09-15,5,209.9285714285714,235,True,SafeMed Distributors,93
MED019,78.16,547.09,160,80,-387.09,100,HIGH,SUP004,2027-03-15,4,312.6228571428572,233,True,CityMed Pharma,95
MED026,33.55,234.85,85,60,-149.85,100,HIGH,SUP002,2027-03-05,7,234.85,210,True,MedCare Distributors,88
MED002,26.14,183.01,80,100,-103.01,100,HIGH,SUP002,2026-12-15,7,183.01,203,True,MedCare Distributors,88
MED033,27.25,190.78,18,30,-172.78,100,HIGH,SUP006,2026-10-15,6,163.5257142857143,176,True,Prime Medicals,90
MED012,29.17,204.22,95,60,-109.22,100,HIGH,SUP002,2027-02-28,7,204.22,169,True,MedCare Distributors,88
MED035,29.97,209.78,14,25,-195.78,100,HIGH,SUP008,2026-09-30,5,149.84285714285716,161,True,SafeMed Distributors,93
MED003,68.94,482.59,220,80,-262.59,100,HIGH,SUP004,2027-02-20,4,275.7657142857143,136,True,CityMed Pharma,95
MED004,20.34,142.4,60,50,-82.4,100,HIGH,SUP006,2027-05-10,6,122.05714285714288,112,True,Prime Medicals,90
MED021,77.97,545.77,350,120,-195.77,80,HIGH,SUP001,2027-08-01,5,389.8357142857143,160,True,Alpha Pharma,92
MED028,70.0,489.97,320,100,-169.97000000000003,80,HIGH,SUP001,2027-05-15,5,349.9785714285714,130,True,Alpha Pharma,92
MED011,34.26,239.79,210,90,-29.789999999999992,60,HIGH,SUP005,2027-06-15,8,274.04571428571427,154,True,LifeCare Distributors,86
MED027,65.4,457.77,400,120,-57.76999999999998,60,HIGH,SUP004,2027-06-10,4,261.5828571428571,0,False,CityMed Pharma,95
MED007,40.0,280.0,300,100,20.0,40,MEDIUM,SUP004,2027-04-05,4,160.0,0,False,CityMed Pharma,95
MED001,33.73,236.08,450,100,213.92,20,LOW,SUP001,2027-03-30,5,168.62857142857143,0,False,Alpha Pharma,92
MED013,41.51,290.57,500,150,209.43,20,LOW,SUP004,2027-07-20,4,166.04,0,False,CityMed Pharma,95
MED017,20.34,142.4,280,100,137.6,20,LOW,SUP001,2027-05-25,5,101.71428571428572,0,False,Alpha Pharma,92
MED036,53.98,377.89,600,180,222.11,20,LOW,SUP001,2027-09-01,5,269.9214285714286,0,False,Alpha Pharma,92
MED037,25.56,178.93,550,180,371.07,20,LOW,SUP004,2027-08-20,4,102.24571428571429,0,False,CityMed Pharma,95
MED038,26.44,185.05,500,180,314.95,20,LOW,SUP005,2027-09-05,8,211.4857142857143,0,False,LifeCare Distributors,86
